16,3293611,A,C,2,0,2,0.5
16,3293658,T,G,2,0,2,0.5
16,3293664,T,G,2,0,2,0.5
16,3293671,T,G,2,0,2,0.5
16,3294145,A,C,2,0,2,0.5
16,3294145,AGGT,CGGG,2,0,2,0.5
16,3294148,T,G,2,0,2,0.5
16,3294284,T,G,2,0,2,0.5
16,3294305,A,G,2,0,2,0.5
16,3294321,A,G,2,0,2,0.5
16,3296616,C,T,0,2,2,1.0
16,3296631,A,G,2,0,2,0.5
16,3296676,T,G,2,0,2,0.5
16,3297073,A,G,0,2,2,1.0
16,3297077,A,G,2,0,2,0.5
16,3297105,T,G,2,0,2,0.5
16,3297175,T,C,0,2,2,1.0
16,3297181,C,T,2,0,2,0.5
16,3297253,A,G,2,0,2,0.5
16,3298865,T,C,0,2,2,1.0
16,3298866,T,C,2,0,2,0.5
16,3298936,A,C,2,0,2,0.5
16,3299669,T,G,2,0,2,0.5
16,3299749,G,A,0,2,2,1.0
16,3304463,C,T,2,0,2,0.5
16,3304523,A,C,2,0,2,0.5
16,3304539,T,G,2,0,2,0.5
16,3304543,A,G,2,0,2,0.5
16,3304559,T,G,0,2,2,1.0
16,3304573,G,T,2,0,2,0.5
16,3304654,T,C,2,0,2,0.5
16,3306380,T,G,2,0,2,0.5
16,3306380,TGA,GGG,2,0,2,0.5
16,3306382,A,G,2,0,2,0.5
16,3306405,A,C,2,0,2,0.5
16,3306425,T,G,2,0,2,0.5
Y,2655049,C,G,0,2,1,2.0
16,3293611,A,C,2,0,2,0.5
16,3293658,T,G,2,0,2,0.5
16,3293664,T,G,2,0,2,0.5
16,3293671,T,G,2,0,2,0.5
16,3294145,A,C,2,0,2,0.5
16,3294145,AGGT,CGGG,2,0,2,0.5
16,3294148,T,G,2,0,2,0.5
16,3294284,T,G,2,0,2,0.5
16,3294305,A,G,2,0,2,0.5
16,3294321,A,G,2,0,2,0.5
16,3296616,C,T,0,2,2,1.0
16,3296631,A,G,2,0,2,0.5
16,3296676,T,G,2,0,2,0.5
16,3297073,A,G,0,2,2,1.0
16,3297077,A,G,2,0,2,0.5
16,3297105,T,G,2,0,2,0.5
16,3297175,T,C,0,2,2,1.0
16,3297181,C,T,2,0,2,0.5
16,3297253,A,G,2,0,2,0.5
16,3298865,T,C,0,2,2,1.0
16,3298866,T,C,2,0,2,0.5
16,3298936,A,C,2,0,2,0.5
16,3299669,T,G,2,0,2,0.5
16,3299749,G,A,0,2,2,1.0
16,3304463,C,T,2,0,2,0.5
16,3304523,A,C,2,0,2,0.5
16,3304539,T,G,2,0,2,0.5
16,3304543,A,G,2,0,2,0.5
16,3304559,T,G,0,2,2,1.0
16,3304573,G,T,2,0,2,0.5
16,3304654,T,C,2,0,2,0.5
16,3306380,T,G,2,0,2,0.5
16,3306380,TGA,GGG,2,0,2,0.5
16,3306382,A,G,2,0,2,0.5
16,3306405,A,C,2,0,2,0.5
16,3306425,T,G,2,0,2,0.5
Y,2655049,C,G,0,2,1,2.0
